{
  "1": {
    "learned_counts": [
      7,
      0,
      0,
      0,
      0
    ],
    "learned_probs": [
      1.0,
      0.0,
      0.0,
      0.0,
      0.0
    ],
    "learned_steps": 7,
    "learned_win": true,
    "random_counts": [
      10,
      16,
      11,
      16,
      14
    ],
    "random_probs": [
      0.14925373134328357,
      0.23880597014925373,
      0.16417910447761194,
      0.23880597014925373,
      0.208955223880597
    ],
    "random_steps": 67,
    "random_win": false,
    "l1_distance": 1.7014925373134329
  },
  "10000": {
    "learned_counts": [
      7,
      0,
      0,
      0,
      0
    ],
    "learned_probs": [
      1.0,
      0.0,
      0.0,
      0.0,
      0.0
    ],
    "learned_steps": 7,
    "learned_win": true,
    "random_counts": [
      7,
      5,
      10,
      13,
      8
    ],
    "random_probs": [
      0.16279069767441862,
      0.11627906976744186,
      0.23255813953488372,
      0.3023255813953488,
      0.18604651162790697
    ],
    "random_steps": 43,
    "random_win": false,
    "l1_distance": 1.6744186046511627
  },
  "20000": {
    "learned_counts": [
      8,
      1,
      0,
      0,
      0
    ],
    "learned_probs": [
      0.8888888888888888,
      0.1111111111111111,
      0.0,
      0.0,
      0.0
    ],
    "learned_steps": 9,
    "learned_win": true,
    "random_counts": [
      3,
      3,
      9,
      8,
      6
    ],
    "random_probs": [
      0.10344827586206896,
      0.10344827586206896,
      0.3103448275862069,
      0.27586206896551724,
      0.20689655172413793
    ],
    "random_steps": 29,
    "random_win": false,
    "l1_distance": 1.5862068965517242
  }
}