{
  "1": {
    "a_counts": [
      0,
      1,
      1,
      0,
      1
    ],
    "a_probs": [
      0.0,
      0.3333333333333333,
      0.3333333333333333,
      0.0,
      0.3333333333333333
    ],
    "b_counts": [
      3,
      0,
      0,
      0,
      0
    ],
    "b_probs": [
      1.0,
      0.0,
      0.0,
      0.0,
      0.0
    ],
    "rand_a_probs": [
      0.16666666666666666,
      0.2619047619047619,
      0.2619047619047619,
      0.07142857142857142,
      0.23809523809523808
    ],
    "rand_b_probs": [
      0.16666666666666666,
      0.23809523809523808,
      0.14285714285714285,
      0.11904761904761904,
      0.3333333333333333
    ],
    "l1_a": 0.47619047619047605,
    "l1_b": 1.6666666666666665,
    "learned_steps": 3,
    "learned_win": false,
    "random_steps": 42,
    "random_win": false
  },
  "500": {
    "a_counts": [
      10,
      6,
      3,
      4,
      0
    ],
    "a_probs": [
      0.43478260869565216,
      0.2608695652173913,
      0.13043478260869565,
      0.17391304347826086,
      0.0
    ],
    "b_counts": [
      14,
      2,
      2,
      1,
      4
    ],
    "b_probs": [
      0.6086956521739131,
      0.08695652173913043,
      0.08695652173913043,
      0.043478260869565216,
      0.17391304347826086
    ],
    "rand_a_probs": [
      0.1111111111111111,
      0.2222222222222222,
      0.1388888888888889,
      0.3055555555555556,
      0.2222222222222222
    ],
    "rand_b_probs": [
      0.2222222222222222,
      0.25,
      0.08333333333333333,
      0.2222222222222222,
      0.2222222222222222
    ],
    "l1_a": 0.7246376811594203,
    "l1_b": 0.7801932367149759,
    "learned_steps": 23,
    "learned_win": true,
    "random_steps": 36,
    "random_win": false
  },
  "1000": {
    "a_counts": [
      8,
      1,
      5,
      4,
      0
    ],
    "a_probs": [
      0.4444444444444444,
      0.05555555555555555,
      0.2777777777777778,
      0.2222222222222222,
      0.0
    ],
    "b_counts": [
      14,
      0,
      3,
      0,
      1
    ],
    "b_probs": [
      0.7777777777777778,
      0.0,
      0.16666666666666666,
      0.0,
      0.05555555555555555
    ],
    "rand_a_probs": [
      0.1702127659574468,
      0.19148936170212766,
      0.2553191489361702,
      0.14893617021276595,
      0.23404255319148937
    ],
    "rand_b_probs": [
      0.19148936170212766,
      0.23404255319148937,
      0.10638297872340426,
      0.2765957446808511,
      0.19148936170212766
    ],
    "l1_a": 0.739952718676123,
    "l1_b": 1.293144208037825,
    "learned_steps": 18,
    "learned_win": true,
    "random_steps": 47,
    "random_win": false
  }
}