{
  "1": {
    "a_counts": [
      0,
      2,
      1,
      0,
      1
    ],
    "a_probs": [
      0.0,
      0.5,
      0.25,
      0.0,
      0.25
    ],
    "b_counts": [
      3,
      0,
      1,
      0,
      0
    ],
    "b_probs": [
      0.75,
      0.0,
      0.25,
      0.0,
      0.0
    ],
    "rand_a_probs": [
      0.4,
      0.1,
      0.1,
      0.4,
      0.0
    ],
    "rand_b_probs": [
      0.4,
      0.2,
      0.4,
      0.0,
      0.0
    ],
    "l1_a": 1.6,
    "l1_b": 0.7000000000000001,
    "learned_steps": 4,
    "learned_win": false,
    "random_steps": 10,
    "random_win": false
  },
  "500": {
    "a_counts": [
      51,
      53,
      49,
      0,
      47
    ],
    "a_probs": [
      0.255,
      0.265,
      0.245,
      0.0,
      0.235
    ],
    "b_counts": [
      76,
      24,
      26,
      50,
      24
    ],
    "b_probs": [
      0.38,
      0.12,
      0.13,
      0.25,
      0.12
    ],
    "rand_a_probs": [
      0.18518518518518517,
      0.18518518518518517,
      0.18518518518518517,
      0.18518518518518517,
      0.25925925925925924
    ],
    "rand_b_probs": [
      0.25925925925925924,
      0.14814814814814814,
      0.2222222222222222,
      0.25925925925925924,
      0.1111111111111111
    ],
    "l1_a": 0.4188888888888889,
    "l1_b": 0.25925925925925924,
    "learned_steps": 200,
    "learned_win": false,
    "random_steps": 27,
    "random_win": false
  },
  "1000": {
    "a_counts": [
      24,
      44,
      30,
      52,
      50
    ],
    "a_probs": [
      0.12,
      0.22,
      0.15,
      0.26,
      0.25
    ],
    "b_counts": [
      26,
      47,
      62,
      34,
      31
    ],
    "b_probs": [
      0.13,
      0.235,
      0.31,
      0.17,
      0.155
    ],
    "rand_a_probs": [
      0.0,
      0.3333333333333333,
      0.3333333333333333,
      0.23809523809523808,
      0.09523809523809523
    ],
    "rand_b_probs": [
      0.2857142857142857,
      0.047619047619047616,
      0.2857142857142857,
      0.19047619047619047,
      0.19047619047619047
    ],
    "l1_a": 0.5933333333333333,
    "l1_b": 0.42333333333333323,
    "learned_steps": 200,
    "learned_win": false,
    "random_steps": 21,
    "random_win": false
  }
}