{
  "1": {
    "a_counts": [
      26,
      124,
      24,
      25,
      1
    ],
    "a_probs": [
      0.13,
      0.62,
      0.12,
      0.125,
      0.005
    ],
    "b_counts": [
      53,
      47,
      1,
      27,
      72
    ],
    "b_probs": [
      0.265,
      0.235,
      0.005,
      0.135,
      0.36
    ],
    "rand_a_probs": [
      0.4166666666666667,
      0.19444444444444445,
      0.1388888888888889,
      0.08333333333333333,
      0.16666666666666666
    ],
    "rand_b_probs": [
      0.25,
      0.25,
      0.2222222222222222,
      0.1388888888888889,
      0.1388888888888889
    ],
    "l1_a": 0.9344444444444445,
    "l1_b": 0.4722222222222222,
    "learned_steps": 200,
    "learned_win": false,
    "random_steps": 36,
    "random_win": false
  },
  "500": {
    "a_counts": [
      10,
      5,
      1,
      0,
      1
    ],
    "a_probs": [
      0.5882352941176471,
      0.29411764705882354,
      0.058823529411764705,
      0.0,
      0.058823529411764705
    ],
    "b_counts": [
      9,
      2,
      0,
      1,
      5
    ],
    "b_probs": [
      0.5294117647058824,
      0.11764705882352941,
      0.0,
      0.058823529411764705,
      0.29411764705882354
    ],
    "rand_a_probs": [
      0.08333333333333333,
      0.3333333333333333,
      0.10416666666666667,
      0.2708333333333333,
      0.20833333333333334
    ],
    "rand_b_probs": [
      0.22916666666666666,
      0.2916666666666667,
      0.16666666666666666,
      0.10416666666666667,
      0.20833333333333334
    ],
    "l1_a": 1.0098039215686274,
    "l1_b": 0.7720588235294118,
    "learned_steps": 17,
    "learned_win": true,
    "random_steps": 48,
    "random_win": false
  },
  "1000": {
    "a_counts": [
      29,
      73,
      26,
      25,
      47
    ],
    "a_probs": [
      0.145,
      0.365,
      0.13,
      0.125,
      0.235
    ],
    "b_counts": [
      55,
      67,
      1,
      71,
      6
    ],
    "b_probs": [
      0.275,
      0.335,
      0.005,
      0.355,
      0.03
    ],
    "rand_a_probs": [
      0.36363636363636365,
      0.18181818181818182,
      0.09090909090909091,
      0.09090909090909091,
      0.2727272727272727
    ],
    "rand_b_probs": [
      0.18181818181818182,
      0.2727272727272727,
      0.0,
      0.2727272727272727,
      0.2727272727272727
    ],
    "l1_a": 0.5127272727272727,
    "l1_b": 0.48545454545454547,
    "learned_steps": 200,
    "learned_win": false,
    "random_steps": 11,
    "random_win": false
  }
}