{
  "1": {
    "a_counts": [
      1,
      0,
      0,
      0,
      0
    ],
    "a_probs": [
      1.0,
      0.0,
      0.0,
      0.0,
      0.0
    ],
    "b_counts": [
      1,
      0,
      0,
      0,
      0
    ],
    "b_probs": [
      1.0,
      0.0,
      0.0,
      0.0,
      0.0
    ],
    "rand_a_probs": [
      0.5,
      0.0,
      0.0,
      0.5,
      0.0
    ],
    "rand_b_probs": [
      0.5,
      0.0,
      0.0,
      0.5,
      0.0
    ],
    "l1_a": 1.0,
    "l1_b": 1.0,
    "learned_steps": 1,
    "learned_win": false,
    "random_steps": 2,
    "random_win": false
  },
  "500": {
    "a_counts": [
      7,
      0,
      0,
      0,
      0
    ],
    "a_probs": [
      1.0,
      0.0,
      0.0,
      0.0,
      0.0
    ],
    "b_counts": [
      7,
      0,
      0,
      0,
      0
    ],
    "b_probs": [
      1.0,
      0.0,
      0.0,
      0.0,
      0.0
    ],
    "rand_a_probs": [
      0.0,
      0.125,
      0.25,
      0.5,
      0.125
    ],
    "rand_b_probs": [
      0.5,
      0.0,
      0.0,
      0.25,
      0.25
    ],
    "l1_a": 2.0,
    "l1_b": 1.0,
    "learned_steps": 7,
    "learned_win": true,
    "random_steps": 8,
    "random_win": false
  },
  "1000": {
    "a_counts": [
      3,
      0,
      0,
      0,
      0
    ],
    "a_probs": [
      1.0,
      0.0,
      0.0,
      0.0,
      0.0
    ],
    "b_counts": [
      3,
      0,
      0,
      0,
      0
    ],
    "b_probs": [
      1.0,
      0.0,
      0.0,
      0.0,
      0.0
    ],
    "rand_a_probs": [
      0.2857142857142857,
      0.047619047619047616,
      0.14285714285714285,
      0.3333333333333333,
      0.19047619047619047
    ],
    "rand_b_probs": [
      0.14285714285714285,
      0.23809523809523808,
      0.23809523809523808,
      0.23809523809523808,
      0.14285714285714285
    ],
    "l1_a": 1.4285714285714284,
    "l1_b": 1.7142857142857144,
    "learned_steps": 3,
    "learned_win": false,
    "random_steps": 21,
    "random_win": false
  }
}