{
  "1": {
    "a_counts": [
      1,
      0,
      0,
      0,
      0
    ],
    "a_probs": [
      1.0,
      0.0,
      0.0,
      0.0,
      0.0
    ],
    "b_counts": [
      1,
      0,
      0,
      0,
      0
    ],
    "b_probs": [
      1.0,
      0.0,
      0.0,
      0.0,
      0.0
    ],
    "rand_a_probs": [
      0.25,
      0.125,
      0.25,
      0.125,
      0.25
    ],
    "rand_b_probs": [
      0.25,
      0.125,
      0.125,
      0.25,
      0.25
    ],
    "l1_a": 1.5,
    "l1_b": 1.5,
    "learned_steps": 1,
    "learned_win": false,
    "random_steps": 8,
    "random_win": false
  },
  "500": {
    "a_counts": [
      7,
      0,
      0,
      0,
      0
    ],
    "a_probs": [
      1.0,
      0.0,
      0.0,
      0.0,
      0.0
    ],
    "b_counts": [
      7,
      0,
      0,
      0,
      0
    ],
    "b_probs": [
      1.0,
      0.0,
      0.0,
      0.0,
      0.0
    ],
    "rand_a_probs": [
      0.18181818181818182,
      0.18181818181818182,
      0.36363636363636365,
      0.0,
      0.2727272727272727
    ],
    "rand_b_probs": [
      0.18181818181818182,
      0.2727272727272727,
      0.2727272727272727,
      0.18181818181818182,
      0.09090909090909091
    ],
    "l1_a": 1.6363636363636365,
    "l1_b": 1.6363636363636362,
    "learned_steps": 7,
    "learned_win": true,
    "random_steps": 11,
    "random_win": false
  },
  "1000": {
    "a_counts": [
      3,
      0,
      0,
      0,
      0
    ],
    "a_probs": [
      1.0,
      0.0,
      0.0,
      0.0,
      0.0
    ],
    "b_counts": [
      3,
      0,
      0,
      0,
      0
    ],
    "b_probs": [
      1.0,
      0.0,
      0.0,
      0.0,
      0.0
    ],
    "rand_a_probs": [
      0.0,
      0.2,
      0.6,
      0.2,
      0.0
    ],
    "rand_b_probs": [
      0.2,
      0.4,
      0.2,
      0.2,
      0.0
    ],
    "l1_a": 1.9999999999999998,
    "l1_b": 1.6,
    "learned_steps": 3,
    "learned_win": false,
    "random_steps": 5,
    "random_win": false
  }
}