{
  "1": {
    "a_counts": [
      7,
      0,
      5,
      3,
      2
    ],
    "a_probs": [
      0.4117647058823529,
      0.0,
      0.29411764705882354,
      0.17647058823529413,
      0.11764705882352941
    ],
    "b_counts": [
      11,
      3,
      2,
      0,
      1
    ],
    "b_probs": [
      0.6470588235294118,
      0.17647058823529413,
      0.11764705882352941,
      0.0,
      0.058823529411764705
    ],
    "rand_a_probs": [
      0.3076923076923077,
      0.23076923076923078,
      0.23076923076923078,
      0.23076923076923078,
      0.0
    ],
    "rand_b_probs": [
      0.23076923076923078,
      0.23076923076923078,
      0.23076923076923078,
      0.15384615384615385,
      0.15384615384615385
    ],
    "l1_a": 0.5701357466063348,
    "l1_b": 0.832579185520362,
    "learned_steps": 17,
    "learned_win": true,
    "random_steps": 13,
    "random_win": false
  },
  "500": {
    "a_counts": [
      9,
      2,
      1,
      5,
      3
    ],
    "a_probs": [
      0.45,
      0.1,
      0.05,
      0.25,
      0.15
    ],
    "b_counts": [
      10,
      1,
      5,
      1,
      3
    ],
    "b_probs": [
      0.5,
      0.05,
      0.25,
      0.05,
      0.15
    ],
    "rand_a_probs": [
      0.18018018018018017,
      0.22522522522522523,
      0.1981981981981982,
      0.2072072072072072,
      0.1891891891891892
    ],
    "rand_b_probs": [
      0.12612612612612611,
      0.26126126126126126,
      0.2702702702702703,
      0.1891891891891892,
      0.15315315315315314
    ],
    "l1_a": 0.6252252252252253,
    "l1_b": 0.7477477477477478,
    "learned_steps": 20,
    "learned_win": true,
    "random_steps": 111,
    "random_win": false
  },
  "1000": {
    "a_counts": [
      7,
      2,
      0,
      2,
      4
    ],
    "a_probs": [
      0.4666666666666667,
      0.13333333333333333,
      0.0,
      0.13333333333333333,
      0.26666666666666666
    ],
    "b_counts": [
      10,
      1,
      2,
      0,
      2
    ],
    "b_probs": [
      0.6666666666666666,
      0.06666666666666667,
      0.13333333333333333,
      0.0,
      0.13333333333333333
    ],
    "rand_a_probs": [
      0.2777777777777778,
      0.1111111111111111,
      0.2777777777777778,
      0.1111111111111111,
      0.2222222222222222
    ],
    "rand_b_probs": [
      0.2222222222222222,
      0.2777777777777778,
      0.2222222222222222,
      0.16666666666666666,
      0.1111111111111111
    ],
    "l1_a": 0.5555555555555556,
    "l1_b": 0.9333333333333333,
    "learned_steps": 15,
    "learned_win": true,
    "random_steps": 18,
    "random_win": false
  }
}