{
  "1": {
    "a_counts": [
      1,
      0,
      0,
      0,
      0
    ],
    "a_probs": [
      1.0,
      0.0,
      0.0,
      0.0,
      0.0
    ],
    "b_counts": [
      1,
      0,
      0,
      0,
      0
    ],
    "b_probs": [
      1.0,
      0.0,
      0.0,
      0.0,
      0.0
    ],
    "rand_a_probs": [
      0.0,
      0.0,
      0.0,
      1.0,
      0.0
    ],
    "rand_b_probs": [
      1.0,
      0.0,
      0.0,
      0.0,
      0.0
    ],
    "l1_a": 2.0,
    "l1_b": 0.0,
    "learned_steps": 1,
    "learned_win": false,
    "random_steps": 1,
    "random_win": false
  },
  "500": {
    "a_counts": [
      7,
      0,
      0,
      0,
      0
    ],
    "a_probs": [
      1.0,
      0.0,
      0.0,
      0.0,
      0.0
    ],
    "b_counts": [
      7,
      0,
      0,
      0,
      0
    ],
    "b_probs": [
      1.0,
      0.0,
      0.0,
      0.0,
      0.0
    ],
    "rand_a_probs": [
      0.4,
      0.2,
      0.0,
      0.0,
      0.4
    ],
    "rand_b_probs": [
      0.4,
      0.2,
      0.2,
      0.0,
      0.2
    ],
    "l1_a": 1.2000000000000002,
    "l1_b": 1.2,
    "learned_steps": 7,
    "learned_win": true,
    "random_steps": 5,
    "random_win": false
  },
  "1000": {
    "a_counts": [
      3,
      0,
      0,
      0,
      0
    ],
    "a_probs": [
      1.0,
      0.0,
      0.0,
      0.0,
      0.0
    ],
    "b_counts": [
      3,
      0,
      0,
      0,
      0
    ],
    "b_probs": [
      1.0,
      0.0,
      0.0,
      0.0,
      0.0
    ],
    "rand_a_probs": [
      0.058823529411764705,
      0.35294117647058826,
      0.11764705882352941,
      0.17647058823529413,
      0.29411764705882354
    ],
    "rand_b_probs": [
      0.11764705882352941,
      0.23529411764705882,
      0.29411764705882354,
      0.058823529411764705,
      0.29411764705882354
    ],
    "l1_a": 1.8823529411764708,
    "l1_b": 1.7647058823529413,
    "learned_steps": 3,
    "learned_win": false,
    "random_steps": 17,
    "random_win": false
  }
}