{
  "1": {
    "a_counts": [
      1,
      0,
      0,
      0,
      0
    ],
    "a_probs": [
      1.0,
      0.0,
      0.0,
      0.0,
      0.0
    ],
    "b_counts": [
      1,
      0,
      0,
      0,
      0
    ],
    "b_probs": [
      1.0,
      0.0,
      0.0,
      0.0,
      0.0
    ],
    "rand_a_probs": [
      0.25,
      0.125,
      0.375,
      0.16666666666666666,
      0.08333333333333333
    ],
    "rand_b_probs": [
      0.16666666666666666,
      0.08333333333333333,
      0.20833333333333334,
      0.3333333333333333,
      0.20833333333333334
    ],
    "l1_a": 1.5,
    "l1_b": 1.6666666666666665,
    "learned_steps": 1,
    "learned_win": false,
    "random_steps": 24,
    "random_win": false
  },
  "500": {
    "a_counts": [
      7,
      0,
      0,
      0,
      0
    ],
    "a_probs": [
      1.0,
      0.0,
      0.0,
      0.0,
      0.0
    ],
    "b_counts": [
      7,
      0,
      0,
      0,
      0
    ],
    "b_probs": [
      1.0,
      0.0,
      0.0,
      0.0,
      0.0
    ],
    "rand_a_probs": [
      0.11764705882352941,
      0.058823529411764705,
      0.17647058823529413,
      0.35294117647058826,
      0.29411764705882354
    ],
    "rand_b_probs": [
      0.23529411764705882,
      0.058823529411764705,
      0.47058823529411764,
      0.11764705882352941,
      0.11764705882352941
    ],
    "l1_a": 1.7647058823529413,
    "l1_b": 1.5294117647058822,
    "learned_steps": 7,
    "learned_win": true,
    "random_steps": 17,
    "random_win": false
  },
  "1000": {
    "a_counts": [
      3,
      0,
      0,
      0,
      0
    ],
    "a_probs": [
      1.0,
      0.0,
      0.0,
      0.0,
      0.0
    ],
    "b_counts": [
      3,
      0,
      0,
      0,
      0
    ],
    "b_probs": [
      1.0,
      0.0,
      0.0,
      0.0,
      0.0
    ],
    "rand_a_probs": [
      0.10526315789473684,
      0.15789473684210525,
      0.21052631578947367,
      0.3684210526315789,
      0.15789473684210525
    ],
    "rand_b_probs": [
      0.3157894736842105,
      0.15789473684210525,
      0.21052631578947367,
      0.10526315789473684,
      0.21052631578947367
    ],
    "l1_a": 1.7894736842105263,
    "l1_b": 1.368421052631579,
    "learned_steps": 3,
    "learned_win": false,
    "random_steps": 19,
    "random_win": false
  }
}