{
  "1": {
    "learned_counts": [
      7,
      1,
      0,
      0,
      1
    ],
    "learned_probs": [
      0.7777777777777778,
      0.1111111111111111,
      0.0,
      0.0,
      0.1111111111111111
    ],
    "learned_steps": 9,
    "learned_win": true,
    "random_counts": [
      4,
      3,
      3,
      5,
      1
    ],
    "random_probs": [
      0.25,
      0.1875,
      0.1875,
      0.3125,
      0.0625
    ],
    "random_steps": 16,
    "random_win": false,
    "l1_distance": 1.152777777777778
  },
  "500": {
    "learned_counts": [
      7,
      0,
      0,
      0,
      1
    ],
    "learned_probs": [
      0.875,
      0.0,
      0.0,
      0.0,
      0.125
    ],
    "learned_steps": 8,
    "learned_win": true,
    "random_counts": [
      1,
      5,
      1,
      3,
      4
    ],
    "random_probs": [
      0.07142857142857142,
      0.35714285714285715,
      0.07142857142857142,
      0.21428571428571427,
      0.2857142857142857
    ],
    "random_steps": 14,
    "random_win": false,
    "l1_distance": 1.6071428571428572
  },
  "1000": {
    "learned_counts": [
      7,
      0,
      0,
      0,
      0
    ],
    "learned_probs": [
      1.0,
      0.0,
      0.0,
      0.0,
      0.0
    ],
    "learned_steps": 7,
    "learned_win": true,
    "random_counts": [
      5,
      15,
      11,
      4,
      4
    ],
    "random_probs": [
      0.1282051282051282,
      0.38461538461538464,
      0.28205128205128205,
      0.10256410256410256,
      0.10256410256410256
    ],
    "random_steps": 39,
    "random_win": false,
    "l1_distance": 1.7435897435897436
  }
}